{"cameraMode":{"drawMode":0,"name":"Shaded","section":"Shading Mode"},"sceneLighting":true,"audioPlay":false,"sceneViewState":{"showFog":false,"showMaterialUpdate":false,"showSkybox":false,"showFlares":false,"showImageEffects":false,"showParticleSystems":false},"in2DMode":false,"pivot":{"x":-123.6483154296875,"y":14.824739456176758,"z":70.66271209716797},"rotation":{"x":0.11922167241573334,"y":-0.849659264087677,"z":0.21773254871368409,"w":0.4652503430843353},"size":39.28413009643555,"orthographic":false}