{"cameraMode":{"drawMode":0,"name":"Shaded","section":"Shading Mode"},"sceneLighting":false,"audioPlay":false,"sceneViewState":{"showFog":false,"showMaterialUpdate":false,"showSkybox":false,"showFlares":false,"showImageEffects":false,"showParticleSystems":false},"in2DMode":false,"pivot":{"x":37.50004196166992,"y":14.985003471374512,"z":-75.84999084472656},"rotation":{"x":0.3345446288585663,"y":-0.24881179630756379,"z":0.0920533686876297,"w":0.9042669534683228},"size":64.44400024414063,"orthographic":false}