{"cameraMode":{"drawMode":0,"name":"Shaded","section":"Shading Mode"},"sceneLighting":false,"audioPlay":false,"sceneViewState":{"showFog":true,"showMaterialUpdate":false,"showSkybox":false,"showFlares":true,"showImageEffects":true,"showParticleSystems":true},"in2DMode":false,"pivot":{"x":-100.07820892333985,"y":3.819774866104126,"z":96.75517272949219},"rotation":{"x":0.2583411633968353,"y":0.6111989617347717,"z":-0.22090446949005128,"w":0.7147706151008606},"size":4.087005138397217,"orthographic":false}