{"cameraMode":{"drawMode":0,"name":"Shaded","section":"Shading Mode"},"sceneLighting":true,"audioPlay":false,"sceneViewState":{"showFog":false,"showMaterialUpdate":false,"showSkybox":false,"showFlares":false,"showImageEffects":false,"showParticleSystems":false},"in2DMode":false,"pivot":{"x":-35.44112014770508,"y":39.652713775634769,"z":10.06418228149414},"rotation":{"x":-0.4096761643886566,"y":0.21528808772563935,"z":-0.10013791918754578,"w":-0.8807888031005859},"size":53.822113037109378,"orthographic":false}