{"cameraMode":{"drawMode":0,"name":"Shaded","section":"Shading Mode"},"sceneLighting":true,"audioPlay":false,"sceneViewState":{"showFog":false,"showMaterialUpdate":false,"showSkybox":false,"showFlares":false,"showImageEffects":false,"showParticleSystems":false},"in2DMode":false,"pivot":{"x":-4.7683916091918949,"y":-10.834924697875977,"z":-31.10647201538086},"rotation":{"x":-0.413029283285141,"y":0.15292148292064668,"z":-0.07057246565818787,"w":-0.8950091600418091},"size":51.458213806152347,"orthographic":false}