{"cameraMode":{"drawMode":0,"name":"Shaded","section":"Shading Mode"},"sceneLighting":false,"audioPlay":false,"sceneViewState":{"showFog":false,"showMaterialUpdate":false,"showSkybox":false,"showFlares":false,"showImageEffects":false,"showParticleSystems":false},"in2DMode":false,"pivot":{"x":-1.2499957084655762,"y":1.4985003471374512,"z":0.07500060647726059},"rotation":{"x":0.35081538558006289,"y":-0.043530263006687167,"z":0.016329970210790635,"w":0.9352898001670837},"size":6.444400310516357,"orthographic":false}