{"cameraMode":{"drawMode":0,"name":"Shaded","section":"Shading Mode"},"sceneLighting":false,"audioPlay":false,"sceneViewState":{"showFog":true,"showMaterialUpdate":false,"showSkybox":false,"showFlares":true,"showImageEffects":true,"showParticleSystems":true},"in2DMode":false,"pivot":{"x":0.0,"y":0.09483132511377335,"z":0.006260111927986145},"rotation":{"x":0.019860543310642244,"y":-0.9656044840812683,"z":0.24739457666873933,"w":0.07752127945423126},"size":0.5582073330879211,"orthographic":false}