{"cameraMode":{"drawMode":0,"name":"Shaded","section":"Shading Mode"},"sceneLighting":false,"audioPlay":false,"sceneViewState":{"showFog":true,"showMaterialUpdate":false,"showSkybox":false,"showFlares":true,"showImageEffects":true,"showParticleSystems":true},"in2DMode":false,"pivot":{"x":-0.0000010728836059570313,"y":0.8533636927604675,"z":-0.04512545466423035},"rotation":{"x":0.2420210987329483,"y":0.5641113519668579,"z":-0.1774839609861374,"w":0.7692227363586426},"size":8.000446319580079,"orthographic":false}