{"cameraMode":{"drawMode":0,"name":"Shaded","section":"Shading Mode"},"sceneLighting":false,"audioPlay":false,"sceneViewState":{"showFog":false,"showMaterialUpdate":false,"showSkybox":false,"showFlares":false,"showImageEffects":false,"showParticleSystems":false},"in2DMode":false,"pivot":{"x":-30.250505447387697,"y":3.48046612739563,"z":63.70820617675781},"rotation":{"x":-0.5228360891342163,"y":0.2693868577480316,"z":-0.17856159806251527,"w":-0.7887895107269287},"size":46.590965270996097,"orthographic":false}